participant_id,pattern,rationale,turning_point,dominant_category,misconception_resolved,created_at
P002,expository_control,Session used the expository control agent with direct explanations.,,expository,,2026-04-15 10:37:03.27955+00
P003,expository_control,Session used the expository control agent with direct explanations.,,expository,,2026-04-15 21:31:02.633651+00
P005,expository_control,Session used the expository control agent with direct explanations. Final level: n0 (The student provides no justification for their understanding.).,,expository,False,2026-04-13 02:18:56.606211+00
P007,loop,"The student repeatedly returns to the idea that the host's knowledge and actions are crucial to making a decision, but fails to fully grasp the key piece of information that the host always opens a losing door, despite the tutor's attempts to guide them towards this understanding. This is evident in turns 10-14, where the student continues to express a lack of knowledge about the host's choice pattern.",,information,False,2026-04-11 14:01:48.852744+00
P008,expository_control,Session used the expository control agent with direct explanations.,,expository,,2026-04-15 10:57:57.870976+00
P009,expository_control,Session used the expository control agent with direct explanations. Final level: n1 (Student provides an intuitive but incorrect explanation.).,,expository,False,2026-04-15 10:54:16.576805+00
P017,expository_control,Session used the expository control agent with direct explanations.,,expository,,2026-04-13 21:57:45.288388+00
P018,expository_control,Session used the expository control agent with direct explanations. Final level: n1 (Student provides an intuitive but incorrect explanation.).,,expository,False,2026-04-14 14:49:19.546137+00
P022,expository_control,Session used the expository control agent with direct explanations.,,expository,,2026-04-14 14:04:18.154722+00
P024,expository_control,Session used the expository control agent with direct explanations.,,expository,,2026-04-11 20:20:29.910445+00
P025,expository_control,Session used the expository control agent with direct explanations.,,expository,,2026-04-14 20:02:59.190841+00
P026,breakthrough,"The student initially held a misconception that the probability was 50/50 after one door was opened, but after the tutor's questioning, they came to understand the correct probability distribution and how it changes after the host's action, as seen in turns 5 and 6. This sudden shift from a misconception to correct understanding is characteristic of a breakthrough pattern.","Turn 5, where the student finally understood the implication of the host's action on the probability of the remaining doors",information,True,2026-04-14 14:58:37.53267+00
P029,expository_control,Session used the expository control agent with direct explanations. Final level: n2 (Student starts with the initial 1/3 chance but does not complete the explanation.).,,expository,False,2026-04-11 20:55:12.761649+00
P031,expository_control,Session used the expository control agent with direct explanations. Final level: n0 (The student did not provide any justification for their answer.).,,expository,False,2026-04-11 18:28:31.115858+00
P033,progression,"The student consistently builds on their understanding of the Monty Hall problem across the session, demonstrating an increasing grasp of probability concepts and their implications. Turns 4, 5, and 21 showcase the student's growing understanding of conditional probability, the host's informed choice, and probability condensation. The student's reasoning evolves from an initial simplistic view to a nuanced understanding of the problem's complexities.","Turn 4, where the student demonstrates a clear understanding of the distinction between the host's informed and random choices, marking a significant shift in their reasoning.",concept,True,2026-04-15 14:01:43.250713+00
P034,loop,"The student repeatedly returns to the idea that the host's action is random or intended to create doubt, despite the tutor's attempts to challenge this misconception and provide new information. This is evident in turns 2, 3, 4, 9, 10, 11, 15, 19, 20, 21, 22, 23, 24, and 25, where the student consistently fails to understand the host's role and the implications of their actions on the game's odds.",,implication,False,2026-04-14 20:12:00.069837+00
P036,expository_control,Session used the expository control agent with direct explanations.,,expository,,2026-04-15 16:14:49.973922+00
